{"cameraMode":{"drawMode":0,"name":"Shaded","section":"Shading Mode"},"sceneLighting":false,"audioPlay":false,"sceneViewState":{"m_AlwaysRefresh":false,"showFog":true,"showSkybox":false,"showFlares":true,"showImageEffects":true,"showParticleSystems":true,"showVisualEffectGraphs":true,"m_FxEnabled":true},"in2DMode":false,"pivot":{"x":-0.00002384185791015625,"y":90.1563491821289,"z":-0.21993637084960938},"rotation":{"x":0.19121475517749787,"y":0.8076613545417786,"z":-0.3697378933429718,"w":0.41770246624946597},"size":34.66810607910156,"orthographic":false}