{"cameraMode":{"drawMode":0,"name":"Shaded","section":"Shading Mode"},"sceneLighting":true,"audioPlay":false,"sceneViewState":{"m_AlwaysRefresh":false,"showFog":true,"showSkybox":true,"showFlares":true,"showImageEffects":true,"showParticleSystems":true,"showVisualEffectGraphs":true,"m_FxEnabled":true},"in2DMode":false,"pivot":{"x":-40.25189971923828,"y":93.34806823730469,"z":3.2716779708862306},"rotation":{"x":0.27263498306274416,"y":0.7248104810714722,"z":-0.4100136160850525,"w":0.48193979263305666},"size":3.5762081146240236,"orthographic":false}