{"cameraMode":{"drawMode":0,"name":"Shaded","section":"Shading Mode"},"sceneLighting":true,"audioPlay":false,"sceneViewState":{"m_AlwaysRefresh":false,"showFog":true,"showSkybox":true,"showFlares":true,"showImageEffects":true,"showParticleSystems":true,"showVisualEffectGraphs":true,"m_FxEnabled":true},"in2DMode":false,"pivot":{"x":2.824143648147583,"y":7.388680458068848,"z":-0.9805830121040344},"rotation":{"x":-0.2254367619752884,"y":-0.008497503586113453,"z":0.001970311626791954,"w":-0.9742280840873718},"size":7.088333606719971,"orthographic":true}