{"cameraMode":{"drawMode":0,"name":"Shaded","section":"Shading Mode"},"sceneLighting":true,"audioPlay":false,"sceneViewState":{"m_AlwaysRefresh":false,"showFog":true,"showSkybox":true,"showFlares":true,"showImageEffects":true,"showParticleSystems":true,"showVisualEffectGraphs":true,"m_FxEnabled":true},"in2DMode":false,"pivot":{"x":4.7508158683776859,"y":1.063830852508545,"z":12.054815292358399},"rotation":{"x":0.08714742213487625,"y":0.03435736522078514,"z":-0.003007936757057905,"w":0.9956033229827881},"size":9.550000190734864,"orthographic":false}