{"cameraMode":{"drawMode":0,"name":"Shaded","section":"Shading Mode"},"sceneLighting":true,"audioPlay":false,"sceneViewState":{"m_AlwaysRefresh":false,"showFog":true,"showSkybox":true,"showFlares":true,"showImageEffects":true,"showParticleSystems":true,"showVisualEffectGraphs":true,"m_FxEnabled":true},"in2DMode":false,"pivot":{"x":1.500728964805603,"y":4.819314002990723,"z":0.8447306156158447},"rotation":{"x":-0.0413471944630146,"y":0.043726153671741489,"z":-0.0018077088752761484,"w":-0.998195230960846},"size":8.79252815246582,"orthographic":true}