{"cameraMode":{"drawMode":0,"name":"Shaded","section":"Shading Mode"},"sceneLighting":true,"audioPlay":false,"sceneViewState":{"m_AlwaysRefresh":false,"showFog":true,"showSkybox":true,"showFlares":true,"showImageEffects":true,"showParticleSystems":true,"showVisualEffectGraphs":true,"m_FxEnabled":true},"in2DMode":false,"pivot":{"x":-3.4371399879455568,"y":2.4153482913970949,"z":0.8822241425514221},"rotation":{"x":0.20425018668174745,"y":0.7649148106575012,"z":-0.29080918431282046,"w":0.5372371077537537},"size":0.5587894916534424,"orthographic":false}