{"cameraMode":{"drawMode":0,"name":"Shaded","section":"Shading Mode"},"sceneLighting":true,"audioPlay":false,"sceneViewState":{"m_AlwaysRefresh":false,"showFog":true,"showSkybox":true,"showFlares":true,"showImageEffects":true,"showParticleSystems":true,"showVisualEffectGraphs":true,"m_FxEnabled":true},"in2DMode":false,"pivot":{"x":2.18247652053833,"y":0.8294234275817871,"z":1.4523252248764039},"rotation":{"x":0.002145565114915371,"y":0.9729800820350647,"z":-0.2307020127773285,"w":0.009050301276147366},"size":7.994246959686279,"orthographic":false}